{
  "id": 5775,
  "ativo": true, // false se administrador configurar projeto como OCIOSO
  "data_entrega": "2024-07-31", //entrega para o cliente final
  "dimensoes_cm": [ // h x w
    1118,
    1135
  ],
  "temperado": true, 
  "laminado": true,
  "codigo": "0724005775100180007",
  "producao": { // 1/6
    "atual": 1,
    "total": 6
  },
  "lote": { // 7/18
    "atual": 7,
    "total": 18
  },
  "total_pecas": 214,
  "chapa": "4",
  "plano": "4",
  "encarregado": "fabinho",
  "data_impressao": "2012-07-31",
  "cliente": {
    "razao_social": "Lindamir Lorem Ipsum Ltda.",
    "cidade": "Cambé"
  },
  "detalhes_produto": {
    "codigo": "FX",
    "linha": "12"
  },
  "PC": "Ariovaldo",
  "descricao": "s/ temp Bisotê-20mm"
}
